Vessel Name,Predicted ETA,Distance / Time,Course / Speed,Current draught,Navigation Status,Position received,IMO / MMSI,Callsign,Flag,Length / Beam
,,,,,,,,,,
ONE INNOVATION,-,-,45° / 16.6 kn,11.2 m,-,4 days ago,9939137 / 636022889,5LKX7,Liberia,400 / 61 m
SA OCEANIA,-,-,,18.0 m,At anchor,0 min ago,9246633 / 636023619,5LOP4,Liberia,380 / 68 m
EUROPE,-,-,,19.0 m,At anchor,1 hour ago,9235268 / 636022398,5LIP2,Liberia,380 / 68 m
MSC AMBRA,-,-,,12.6 m,Under way,2 hours ago,9839480 / 352269000,3FKB,Panama,400 / 62 m
MSC FEBE,,,,15.5 m,-,4 days ago,9839478 / 372729000,3EXK8,Panama,400 / 62 m
MSC MIA,-,-,321° / 0.0 kn,16.4 m,Moored,3 min ago,9839466 / 355798000,HP6643,Panama,400 / 62 m
MSC LENI,,,,15.1 m,Under way,36 min ago,9839454 / 356432000,3FPV5,Panama,400 / 62 m
MSC SAMAR,,,,13.8 m,-,46 hours ago,9839442 / 371047000,3FKE9,Panama,400 / 62 m
MSC GULSUN,-,-,112.1° / 0.0 kn,13.5 m,Moored,5 min ago,9839430 / 372003000,3FTV6,Panama,400 / 62 m
HMM SOUTHAMPTON,-,-,218.9° / 0.0 kn,12.3 m,At anchor,3 min ago,9868340 / 440363000,D7JS,Korea,400 / 62 m
HMM STOCKHOLM,,,97.9° / 8.6 kn,13.0 m,Under way,0 min ago,9868352 / 440361000,D7JP,Korea,400 / 62 m
HMM OSLO,,,,15.7 m,Under way,1 min ago,9868326 / 440489000,D7JW,Korea,400 / 62 m
HMM ROTTERDAM,,,,14.5 m,-,4 days ago,9868338 / 440328000,D7IB,Korea,400 / 62 m
HMM ST PETERSBURG,-,-,,10.4 m,-,8 days ago,9868364 / 440486000,D7JX,Korea,400 / 62 m
DAMIETTA EXPRESS,-,-,,13.0 m,Moored,3 min ago,9543108 / 218038370,DFPD2,Germany,400 / 61 m
BERLIN EXPRESS,-,-,38.5° / 7.6 kn,10.2 m,-,4 days ago,9540118 / 211119000,DIVZ2,Germany,400 / 61 m
HAMBURG EXPRESS,,,,13.7 m,Under way,0 min ago,9943865 / 211123000,DFPW,Germany,400 / 61 m
SINGAPORE EXPRESS,-,-,,16.4 m,At anchor,3 min ago,9543093 / 211122000,DFPH2,Germany,400 / 61 m
GDANSK EXPRESS,,,,10.7 m,-,7 days ago,9943877 / 211124000,DJCO2,Germany,400 / 61 m
BUSAN EXPRESS,,,,14.9 m,Under way,0 min ago,9540144 / 218026640,DPRP,Germany,400 / 61 m
HANOI EXPRESS,-,-,,13.8 m,Moored,1 min ago,9540132 / 211120000,DFYX2,Germany,400 / 61 m
MANILA EXPRESS,,,,16.4 m,-,5 days ago,9540120 / 218006290,DCAU2,Germany,400 / 61 m
MSC MICHELLE,,,,16.3 m,-,38 hours ago,9897016 / 636020599,D5ZY4,Liberia,400 / 61 m
MSC AMELIA,,,,16.6 m,-,43 hours ago,9896995 / 636020543,D5ZR4,Liberia,400 / 61 m
MSC DILETTA,,,,15.5 m,Under way,0 min ago,9897004 / 636020598,D5ZY3,Liberia,400 / 61 m
MSC ALLEGRA,-,-,,4.0 m,Under way,10 hours ago,9897028 / 636020600,D5ZY5,Liberia,400 / 61 m
MSC APOLLINE,-,-,325.3° / 5.7 kn,14.2 m,Under way,9 hours ago,9896983 / 636020542,D5ZR3,Liberia,400 / 61 m
MSC ARINA,-,-,,13.1 m,-,5 days ago,9839284 / 374607000,H9BV,Panama,400 / 61 m
MSC MINA,,,,15.7 m,Under way,5 hours ago,9839260 / 351862000,3ENB2,Panama,400 / 61 m
MSC SIXIN,-,-,,12.9 m,Under way,0 min ago,9839301 / 370711000,HP2652,Panama,400 / 61 m
MSC NELA,-,-,,14.1 m,-,7 days ago,9839296 / 356234000,HP7585,Panama,399 / 61 m
MSC ISABELLA,-,-,156.1° / 0.0 kn,14.0 m,Moored,2 min ago,9839272 / 353590000,HP3521,Panama,400 / 61 m
PETROBRAS P78,-,-,,-,-,42 hours ago,9959096 / 636021221,5LCW5,Liberia,-
HMM ALGECIRAS,-,-,,9.5 m,-,10 days ago,9863297 / 440326000,D7JI,Korea,400 / 61 m
HMM COPENHAGEN,,,,16.4 m,Under way,0 min ago,9863302 / 440487000,D7JR,Korea,400 / 61 m
HMM HELSINKI,,,166.3° / 16.1 kn,14.6 m,-,8 days ago,9863340 / 440288000,D7EL,Korea,400 / 61 m
HMM LE HAVRE,,,,15.9 m,Under way,9 min ago,9868314 / 440488000,D7JQ,Korea,400 / 61 m
HMM DUBLIN,,,,13.1 m,-,3 days ago,9863314 / 440348000,D7IS,Korea,400 / 61 m
HMM GDANSK,,,,12.4 m,-,2 days ago,9863326 / 440350000,D7JL,Korea,400 / 61 m
HMM HAMBURG,-,-,,13.8 m,At anchor,1 min ago,9863338 / 440223000,D7JM,Korea,400 / 61 m
SYMPHONY OF THE SEAS,,,129.3° / 20.0 kn,9.1 m,-,21 hours ago,9744001 / 311000660,C6DF6,Bahamas,362 / 66 m
HARMONY OF THE SEAS,-,-,,9.3 m,-,41 hours ago,9682875 / 311000396,C6BX8,Bahamas,362 / 66 m
OASIS OF THE SEAS,-,-,,9.3 m,-,20 hours ago,9383936 / 311020600,C6XS7,Bahamas,360 / 60 m
ALLURE OF THE SEAS,-,-,,-,-,13 min ago,9383948 / 311020700,C6XS8,Bahamas,-
EGINA FPSO,-,-,,13.0 m,-,25 hours ago,9695896 / 657161000,5NMX3,Nigeria,330 / 61 m
EVER GLOBE,,,311.5° / 17.6 kn,16.2 m,-,27 hours ago,9786841 / 354977000,3FWU2,Panama,399 / 59 m
EVER GLORY,,,261.3° / 8.4 kn,15.3 m,Under way,0 min ago,9786839 / 636019234,D5TO4,Liberia,400 / 59 m
EVER GREET,-,-,,11.9 m,At anchor,1 min ago,9832729 / 371829000,3FLF4,Panama,399 / 59 m
EVER GOVERN,,,,11.9 m,-,18 hours ago,9832717 / 356582000,HPUI,Panama,400 / 59 m
EVER GENIUS,-,-,,14.8 m,Under way,4 hours ago,9786815 / 370121000,3FJU4,Panama,400 / 59 m
EVER GIFTED,,,248° / 17.3 kn,16.2 m,Under way,11 hours ago,9786827 / 563068900,9V5825,Singapore,399 / 59 m
CMA CGM JEAN MERMOZ,-,-,,12.5 m,Moored,1 min ago,9776420 / 248758000,9HA4798,Malta,400 / 59 m
CMACGM LOUIS BLERIOT,,,230.5° / 11.6 kn,13.9 m,-,14 hours ago,9776432 / 248794000,9HA4811,Malta,399 / 58 m
CMA CGM ST EXUPERY,,,170.4° / 18.5 kn,15.9 m,-,4 days ago,9776418 / 229270000,9HA5316,Malta,399 / 58 m
EVER GRADE,,,315.9° / 20.0 kn,16.0 m,-,6 days ago,9820855 / 357463000,3FZS6,Panama,399 / 59 m
EVER GOODS,,,191.5° / 20.0 kn,11.4 m,Under way,5 hours ago,9810991 / 371308000,3FRV5,Panama,400 / 59 m
EVER GIVEN,-,-,,10.9 m,-,27 hours ago,9811000 / 353136000,H3RC,Panama,400 / 59 m
EVER GOLDEN,-,-,,12.3 m,Moored,1 min ago,9811012 / 354654000,H9TK,Panama,400 / 59 m
PFLNG DUA,-,-,,13.2 m,-,53 days ago,9739185 / 533131077,9M2059,Malaysia,362 / 52 m
EVER GENTLE,-,-,,16.2 m,Moored,1 min ago,9820922 / 636019174,D5TG9,Liberia,400 / 59 m
COSCO SHIPPING STAR,-,-,255.7° / 7.1 kn,12.6 m,-,40 hours ago,9795658 / 477318200,VRSQ4,Hong Kong,400 / 59 m
COSCO GALAXY,,,318.5° / 19.6 kn,16.0 m,-,15 hours ago,9795634 / 477269300,VRSJ9,Hong Kong,400 / 59 m
COSCO SHIPPING SOLAR,,,324° / 18.8 kn,15.2 m,-,15 hours ago,9795646 / 477302900,VRSO4,Hong Kong,400 / 59 m
COSCO NEBULA,-,-,142.4° / 1.0 kn,11.1 m,Under way,0 min ago,9795622 / 477194400,VRRW8,Hong Kong,400 / 58 m
MSC WORLD EUROPA,-,-,21° / 0.0 kn,9.4 m,Moored,2 min ago,9837420 / 256070000,9HA5682,Malta,333 / 54 m
COSCO PLANET,,,,12.1 m,Under way,5 hours ago,9795660 / 477345900,VRSU6,Hong Kong,400 / 59 m
COSCO UNIVERSE,,,306° / 14.8 kn,16.0 m,-,18 hours ago,9795610 / 477157400,VRRP4,Hong Kong,400 / 59 m
ALMIRANTE TAMANDARE,-,-,260.9° / 0.0 kn,10.0 m,-,43 days ago,9919814 / 311001009,C6EV2,Bahamas,336 / 60 m
MAASTRICHT MAERSK,-,-,,13.3 m,-,27 hours ago,9780483 / 219045000,OWSE2,Denmark,399 / 58 m
MUMBAI MAERSK,,,,17.2 m,-,2 days ago,9780471 / 219039000,OWNQ2,Denmark,399 / 58 m
MUNICH MAERSK,,,144.5° / 19.3 kn,16.8 m,-,3 days ago,9778806 / 219835000,OWCH2,Denmark,399 / 58 m
MOSCOW MAERSK,,,,16.4 m,-,4 days ago,9778818 / 219864000,OWCM2,Denmark,399 / 58 m
MARSEILLE MAERSK,-,-,,11.5 m,Under way,0 min ago,9778844 / 219854000,OWPU2,Denmark,399 / 58 m
MURCIA MAERSK,-,-,,11.9 m,-,39 hours ago,9780457 / 219036000,OWTB2,Denmark,399 / 58 m
MANCHESTER MAERSK,-,-,,13.5 m,-,7 days ago,9780445 / 219034000,OWAV2,Denmark,399 / 58 m
MONACO MAERSK,,,221.9° / 6.5 kn,12.6 m,Under way,0 min ago,9778832 / 219863000,OWNL2,Denmark,399 / 58 m
MANILA MAERSK,,,32° / 14.5 kn,16.2 m,Under way,0 min ago,9780469 / 219038000,OWPP2,Denmark,399 / 58 m
MADRID MAERSK,,,188.6° / 16.0 kn,15.0 m,-,3 days ago,9778791 / 219836000,OWMD2,Denmark,399 / 58 m
MILAN MAERSK,,,,17.0 m,-,3 days ago,9778820 / 219861000,OWGK2,Denmark,399 / 58 m
ONE TRIBUTE,-,-,,11.1 m,Under way,1 min ago,9769295 / 431787000,7KMG,Japan,400 / 59 m
ONE TRADITION,,,52.3° / 16.8 kn,15.5 m,-,5 days ago,9769300 / 431808000,7KML,Japan,400 / 59 m
ONE TRIUMPH,,,,16.1 m,Under way,8 hours ago,9769271 / 538007360,V7FQ8,Marshall Islands,400 / 59 m
ONE TRUST,-,-,,11.6 m,-,7 days ago,9769283 / 538007378,V7LF7,Marshall Islands,400 / 59 m
OOCL INDONESIA,-,-,,10.9 m,-,2 days ago,9776224 / 477147600,VRRH6,Hong Kong,400 / 59 m
OOCL HONG KONG,,,,15.1 m,-,5 days ago,9776171 / 477333500,VRQL9,Hong Kong,400 / 59 m
OOCL SCANDINAVIA,,,142.4° / 18.4 kn,11.5 m,-,7 days ago,9776212 / 477121200,VRRB8,Hong Kong,400 / 59 m
OOCL JAPAN,,,,13.0 m,-,6 days ago,9776195 / 477100400,VRQX5,Hong Kong,400 / 59 m
OOCL GERMANY,,,,15.5 m,-,19 hours ago,9776183 / 477035800,VRQS3,Hong Kong,400 / 59 m
OOCL UNITED KINGDOM,,,,15.8 m,-,3 days ago,9776200 / 477103800,VRQZ8,Hong Kong,400 / 59 m
ONE TREASURE,-,-,,10.7 m,Under way,0 min ago,9773222 / 357210000,3EUO7,Panama,400 / 58 m
ONE TRUTH,,,309.8° / 14.4 kn,15.6 m,-,3 days ago,9773210 / 356984000,3FBJ9,Panama,399 / 58 m
PROSPERITY,-,-,,15.8 m,Moored,3 min ago,9881043 / 311000949,C6EN8,Bahamas,349 / 60 m
LIZA UNITY,-,-,,7.9 m,Moored,2 min ago,9851828 / 311000797,C6DV8,Bahamas,333 / 60 m
JAGUAR,-,-,,6.0 m,-,8 days ago,9999515 / 311001423,C6HC6,Bahamas,334 / 60 m
MSC WORLD AMERICA,-,-,,8.9 m,-,3 days ago,9837432 / 249193000,9HA6157,Malta,333 / 54 m
FPSO SEPETIBA,-,-,268.2° / 0.1 kn,19.5 m,-,312 days ago,9881457 / 311000945,C6EN4,Bahamas,331 / 60 m
PFLNG SATU,-,-,,12.5 m,-,4 days ago,9665085 / 533130229,9WJY6,Malaysia,365 / 60 m
PACIFIC UNITY,,,,20.5 m,-,5 days ago,9806976 / 477159400,VRRJ4,Hong Kong,362 / 65 m
PACIFIC HARVEST,,,,12.3 m,-,43 hours ago,9806988 / 477191200,VRRJ8,Hong Kong,362 / 65 m
PACIFIC VISION,,,,12.8 m,-,19 hours ago,9806990 / 477232500,VRRJ5,Hong Kong,362 / 65 m
YUAN YI HAI,,,241.7° / 12.8 kn,12.0 m,-,4 days ago,9806897 / 563065300,9V5554,Singapore,362 / 65 m
YUAN BAO HAI,-,-,,12.7 m,-,12 days ago,9806902 / 563067600,9V5555,Singapore,362 / 65 m
YUAN QIAN HAI,-,-,,11.5 m,-,9 days ago,9806952 / 563101200,9V5563,Singapore,362 / 65 m
YUAN GU HAI,-,-,,20.0 m,-,3 days ago,9806885 / 563057400,9V5553,Singapore,361 / 65 m
YUAN HE HAI,,,,11.8 m,-,2 days ago,9806873 / 563045200,9V5551,Singapore,362 / 65 m
YUAN HUA HAI,-,-,223.2° / 9.7 kn,20.4 m,-,24 hours ago,9806940 / 563093200,9V5559,Singapore,362 / 65 m
PACIFIC AUSPICE,,,,12.6 m,-,6 days ago,9807061 / 477244800,VRRK3,Hong Kong,362 / 65 m
PACIFIC PROSPERITY,,,,11.9 m,-,7 days ago,9807059 / 477184100,VRRJ9,Hong Kong,362 / 65 m
ORE SHANGHAI,-,-,,20.3 m,-,43 days ago,9815214 / 477232900,VRRL6,Hong Kong,362 / 65 m
PACIFIC EXCELLENCE,-,-,,20.6 m,-,27 days ago,9807009 / 477286900,VRRI8,Hong Kong,362 / 65 m
ORE SHENZHEN,,,,12.8 m,-,9 days ago,9807695 / 477168700,VRRL2,Hong Kong,362 / 65 m
ORE GUANGZHOU,-,-,,13.0 m,Under way,0 min ago,9807700 / 477184800,VRRL3,Hong Kong,362 / 65 m
ORE HONG KONG,,,,20.8 m,-,22 days ago,9815238 / 477162700,VRRK5,Hong Kong,362 / 65 m
ORE ZHANJIANG,-,-,,21.0 m,-,12 days ago,9807750 / 477312500,VRRL8,Hong Kong,362 / 65 m
ORE TIANJIN,-,-,,12.6 m,-,8 days ago,9807023 / 477153600,VRRK6,Hong Kong,362 / 65 m
ORE DALIAN,-,-,175.6° / 0.0 kn,20.7 m,-,3 days ago,9807035 / 477202100,VRRK9,Hong Kong,362 / 65 m
ORE XIAMEN,,,,21.0 m,-,4 days ago,9807047 / 477237500,VRRL5,Hong Kong,362 / 65 m
YUAN JIN HAI,-,-,,20.0 m,-,20 days ago,9806914 / 563072400,9V5556,Singapore,361 / 65 m
PACIFIC FLOURISH,-,-,,11.4 m,-,23 days ago,9807736 / 477176600,VRRJ7,Hong Kong,362 / 65 m
PACIFIC CAREER,-,-,,20.3 m,-,50 days ago,9807748 / 477232700,VRRK2,Hong Kong,362 / 65 m
,,,,,,,,,,
YUAN ZHEN HAI,,,,23.1 m,-,6 days ago,9532551 / 566587000,9V9120,Singapore,360 / 65 m
PACIFIC WARRIOR,,,,23.0 m,-,4 days ago,9532525 / 477178500,VROZ4,Hong Kong,360 / 65 m
ORE HEBEI,-,-,,11.0 m,Under way,4 hours ago,9532537 / 477510200,VRPG8,Hong Kong,360 / 65 m
ORE CHINA,-,-,,23.0 m,-,49 days ago,9522972 / 477510400,VRPH2,Hong Kong,360 / 65 m
ORE SHANDONG,-,-,16.8° / 1.4 kn,11.6 m,-,9 days ago,9532549 / 477510500,VRPH3,Hong Kong,360 / 65 m
,,,,,,,,,,
YUAN JIAN HAI,,,,23.0 m,-,21 days ago,9532587 / 563254000,9V9122,Singapore,360 / 65 m
ORE DONGJIAKOU,,,,12.5 m,-,5 days ago,9532513 / 477510300,VRPG9,Hong Kong,360 / 65 m
SOHAR MAX,,,,23.0 m,-,5 days ago,9565065 / 538004888,V7ZP8,Marshall Islands,360 / 65 m
LIWA MAX,,,,14.2 m,-,9 days ago,9566514 / 538004889,V7ZP9,Marshall Islands,360 / 65 m
SHINAS MAX,-,-,,23.0 m,-,12 days ago,9566538 / 538004899,V7ZR8,Marshall Islands,360 / 65 m
SAHAM MAX,-,-,,11.7 m,-,8 days ago,9566526 / 538004900,V7ZR9,Marshall Islands,360 / 65 m
,,,,,,,,,,
SEA ESPIRITO SANTO,-,-,,23.0 m,-,7 days ago,9575462 / 538004765,V7YY5,Marshall Islands,361 / 65 m
SEA FUJIYAMA,,,214.3° / 10.6 kn,13.6 m,-,20 hours ago,9575486 / 538004778,V7ZA5,Marshall Islands,361 / 65 m
SEA TUBARAO,,,,11.0 m,-,3 days ago,9575498 / 538004918,V7ZU6,Marshall Islands,361 / 65 m
SEA MARANHAO,-,-,,23.1 m,-,3 days ago,9575515 / 538008959,V7A2951,Marshall Islands,361 / 65 m
SEA QINGDAO,-,-,283.1° / 0.0 kn,23.1 m,-,34 days ago,9575450 / 538004553,V7XR6,Marshall Islands,361 / 65 m
MSC ISTANBUL,-,-,168.1° / 18.8 kn,11.4 m,-,24 days ago,9606326 / 636017537,D5LL2,Liberia,399 / 54 m
MSC AMSTERDAM,-,-,,-,At anchor,2 min ago,9606338 / 373598000,3EUJ,Panama,399 / 54 m
MSC HAMBURG,,,,10.4 m,-,2 days ago,9647461 / 374886000,3FYY8,Panama,399 / 54 m
MSC VENICE,,,,10.4 m,-,17 hours ago,9647473 / 636017408,D5KU2,Liberia,399 / 54 m
CMA CGM JULES VERNE,-,-,,10.9 m,-,11 days ago,9454450 / 229190000,9HA5460,Malta,396 / 54 m
,,,,,,,,,,
ORE SHANTOU,-,-,28.1° / 8.2 kn,21.5 m,-,37 days ago,9847542 / 477591200,VRSZ5,Hong Kong,340 / 62 m
K.IRON MOUNTAIN,-,-,163.4° / 0.0 kn,10.0 m,-,8 days ago,9850111 / 354488000,3EAK7,Panama,340 / 62 m
BOKM SHANGHAI,-,-,,11.4 m,-,10 days ago,9851256 / 636020785,5LAS2,Liberia,340 / 62 m
BOKM GUAIBA,,,,19.1 m,-,7 days ago,9908621 / 636021237,5LCY5,Liberia,340 / 62 m
GRAND WISDOM,,,295.3° / 13.7 kn,13.0 m,-,5 days ago,9850343 / 563118700,9V6605,Singapore,340 / 62 m
BOKM QINGDAO,,,,12.2 m,-,7 days ago,9908580 / 636021240,5LCY8,Liberia,339 / 62 m
BOKM TIANJIN,-,-,,19.9 m,-,24 days ago,9908607 / 636021238,5LCY6,Liberia,340 / 62 m
SEA SHANGHAI,-,-,,20.4 m,-,8 days ago,9844095 / 373988000,HOEL,Panama,340 / 62 m
SAO NEPTUNE,,,,15.6 m,-,17 days ago,9840453 / 538008868,V7A2853,Marshall Islands,340 / 62 m
SAO GRACE,-,-,303.9° / 11.0 kn,11.5 m,-,8 days ago,9824033 / 538008386,V7A2302,Marshall Islands,340 / 62 m
SAO INDIGO,-,-,108.7° / 0.0 kn,16.0 m,-,6 days ago,9824057 / 538008388,V7A2304,Marshall Islands,340 / 62 m
SAO PEARL,,,237.5° / 12.8 kn,11.6 m,Under way,0 min ago,9840477 / 538008869,V7A2854,Marshall Islands,340 / 62 m
SAO UNISON,,,103.4° / 9.4 kn,16.0 m,-,16 hours ago,9841380 / 352218000,3FYQ,Panama,340 / 62 m
HL MERCURY,,,194° / 12.7 kn,15.7 m,-,10 days ago,9845142 / 351907000,3FXS,Panama,340 / 62 m
MAERSK SALALAH,-,-,313° / 16.3 kn,15.1 m,-,29 hours ago,9352016 / 477890500,VRVN3,Hong Kong,334 / 43 m
HG DAMPIER,,,50° / 13.0 kn,8.9 m,-,14 hours ago,9409120 / 636024499,5LSX4,Liberia,292 / 45 m
CAPE BRITANNIA,-,-,,11.5 m,-,8 days ago,9409065 / 431449000,7JYW,Japan,292 / 45 m
WEN HUA STAR,-,-,,18.3 m,-,9 days ago,9397846 / 636021300,5LDG8,Liberia,292 / 44 m
GOLDEN ZHEJIANG,-,-,,10.3 m,-,7 days ago,9443619 / 477925100,VRHH9,Hong Kong,292 / 45 m
GOLDEN BEIJING,-,-,94° / 0.3 kn,16.0 m,At anchor,3 min ago,9439412 / 477655100,VRGC6,Hong Kong,292 / 45 m
GOLDEN FUTURE,-,-,,11.6 m,-,5 days ago,9443607 / 477639600,VRGC2,Hong Kong,292 / 45 m
CAPE HARMONY,,,17.9 m,-,7 days ago,9514212 / 373009000,3FIB3,Panama,292 / 45 m,
NORWEGIAN DAWN,-,-,,8.6 m,Under way,4 min ago,9195169 / 311307000,C6FT7,Bahamas,295 / 32 m
MOUNT K2,-,-,,18.0 m,-,8 days ago,9546980 / 636020471,D5ZJ8,Liberia,292 / 45 m
ZAMPA BLUE,-,-,55.1° / 7.1 kn,10.5 m,-,54 days ago,9454163 / 372549000,3FYS6,Panama,292 / 45 m
CAPE CELTIC,-,-,76° / 9.7 kn,11.9 m,-,8 days ago,9409144 / 354526000,3FUO8,Panama,292 / 45 m
CASANOVA,,,30.6° / 9.6 kn,18.0 m,-,39 hours ago,9454151 / 311001425,C6HC8,Bahamas,292 / 45 m
MOUNT AUSTIN,-,-,353° / 9.8 kn,18.0 m,-,2 days ago,9409118 / 636017268,D5KC4,Liberia,292 / 45 m
LEO FELICITY,-,-,0° / 0.0 kn,17.2 m,Moored,5 hours ago,9409091 / 354931000,3FQG6,Panama,292 / 45 m
PACIFIC WEST,-,-,,8.6 m,-,2 days ago,9604029 / 538004758,V7YX5,Marshall Islands,292 / 44 m
MSC ELLEN,-,-,,10.3 m,Under way,10 hours ago,9166780 / 636020729,5LAK6,Liberia,346 / 42 m
MSC VILDA X,-,-,,15.1 m,Moored,1 min ago,9146479 / 636020728,5LAK5,Liberia,347 / 43 m
CHASTINE MAERSK,,,12.1 m,-,20 hours ago,9219800 / 563084400,9V6205,Singapore,347 / 42 m,
MSC JASMINE X,-,-,,9.2 m,-,4 days ago,9214903 / 636022655,5LJV3,Liberia,347 / 43 m
CAPE XL,-,-,,11.7 m,-,13 days ago,9590826 / 538010483,V7A6104,Marshall Islands,292 / 45 m
PACIFIST,,,,16.0 m,Under way,8 hours ago,9573775 / 636020330,D5YS6,Liberia,292 / 45 m
LAKE D,,,,17.7 m,Under way,2 min ago,9590840 / 352979000,3FKW,Panama,292 / 45 m
ICONSHIP,,,,16.0 m,-,4 days ago,9641895 / 636024010,5LQN3,Liberia,292 / 45 m
GEORGE ISLAND,,,,18.2 m,-,3 days ago,9573749 / 636022306,5LID4,Liberia,292 / 45 m
BERGE ISHIZUCHI,-,-,,9.2 m,At anchor,2 min ago,9446570 / 232045296,MMUZ5,United Kingdom (UK),292 / 45 m
FRONTIER YOUTH,,,,17.4 m,-,3 days ago,9650779 / 352623000,3FPE,Panama,292 / 45 m
UNITED CROWN,,,,17.1 m,-,41 hours ago,9660023 / 353297000,3FFL4,Panama,292 / 45 m
JIN CHENG,,,,18.3 m,-,3 days ago,9633214 / 477019100,VRWG9,Hong Kong,292 / 45 m
GREEN UNIVERSE,-,-,,11.9 m,-,12 days ago,9573751 / 563109600,9V6845,Singapore,292 / 45 m
BERGE TSURUGI,,,354° / 9.0 kn,15.3 m,-,30 hours ago,9599810 / 636019376,D5UF3,Liberia,292 / 45 m
BULK TIRRENO,,,,18.3 m,-,14 hours ago,9624263 / 636022610,5LJQ3,Liberia,291 / 45 m
MARIA,,,,12.2 m,-,11 days ago,9568005 / 210396000,5BYX5,Cyprus,292 / 45 m
CAPE PHOENIX,,,,18.5 m,-,6 days ago,9598139 / 636021281,5LDE3,Liberia,292 / 45 m
PACIFIC TREASURE,,,,8.6 m,-,4 days ago,9604988 / 357952000,3EZA3,Panama,292 / 45 m
CAPE LILY,,,,16.1 m,-,10 days ago,9612430 / 566524000,9V8843,Singapore,291 / 45 m
FRONTIER GARLAND,-,-,,9.3 m,-,26 days ago,9590890 / 355290000,3FXX7,Panama,296 / 45 m
CAPE MAGNOLIA,,,,17.4 m,Under way,5 hours ago,9573787 / 601027720,ZU ZZ,South Africa,292 / 45 m
BERGE MCCLINTOCK,-,-,,9.5 m,Under way,0 min ago,9590852 / 636018273,D5OY8,Liberia,292 / 45 m
WEN YUAN STAR,-,-,,8.6 m,-,5 days ago,9614933 / 373548000,3EXL8,Panama,292 / 45 m
MOUNT LOGAN,-,-,274.5° / 0.0 kn,11.4 m,At anchor,6 min ago,9641900 / 636020969,5LBP9,Liberia,292 / 45 m
XUAN YUAN STAR,,,,9.5 m,-,27 hours ago,9675688 / 356612000,3FEW2,Panama,292 / 45 m
CENTENNIAL HARMONY,-,-,,8.4 m,-,11 days ago,9590838 / 354205000,HOKS,Panama,292 / 45 m
CAPE BUZZARD,,,,18.2 m,Constrained,1 min ago,9446623 / 636015310,A8ZW9,Liberia,292 / 45 m
FORTUNE VIOLET,-,-,,15.2 m,-,17 days ago,9614921 / 477098300,VRKL7,Hong Kong,292 / 45 m
CAPE ALEXANDROS,-,-,,8.4 m,-,6 days ago,9489302 / 636014481,A8UF2,Liberia,292 / 45 m
CAPE KESTREL,-,-,,17.7 m,Moored,2 min ago,9767510 / 636019502,D5MF7,Liberia,292 / 45 m
BERGE MAWSON,,,,17.8 m,Under way,5 hours ago,9738868 / 232016910,MDNH4,United Kingdom (UK),292 / 45 m
BERGE KOSCIUSZKO,-,-,,11.8 m,-,7 days ago,9682954 / 232006581,MAQI7,United Kingdom (UK),292 / 45 m
NAVIOS MARS,,,,16.0 m,-,4 days ago,9747950 / 249143000,9HA6125,Malta,292 / 45 m
CAPRICORN ONE,,,24° / 10.8 kn,18.2 m,-,43 hours ago,9739018 / 564096000,9V3475,Singapore,292 / 45 m
CAPRICORN SIGMA,-,-,89.2° / 0.0 kn,9.2 m,Moored,2 hours ago,9747962 / 564633000,9V3114,Singapore,292 / 45 m
MINERAL HONSHU,-,-,,10.3 m,At anchor,4 min ago,9614892 / 636018674,D5QV7,Liberia,292 / 45 m
LAKE DESPINA,,,,18.2 m,-,5 days ago,9675676 / 210702000,5BYX3,Cyprus,292 / 45 m
HL MIDLAND,-,-,,15.8 m,At anchor,3 min ago,9446532 / 352250000,HPSS,Panama,292 / 45 m
NAVIOS CORALI,,,,17.4 m,-,33 hours ago,9747948 / 374126000,3FLT7,Panama,292 / 45 m
LUCY OLDENDORFF,-,-,,11.4 m,At anchor,3 min ago,9691553 / 636093282,D5SM2,Liberia,292 / 45 m
NEW ADMIRE,-,-,,8.7 m,Under way,3 hours ago,9738844 / 374459000,3ECJ4,Panama,292 / 45 m
CARNIVAL LUMINOSA,-,-,,8.2 m,Moored,2 min ago,9398905 / 311001201,C6GB6,Bahamas,294 / 32 m
COSTA DELIZIOSA,-,-,,8.1 m,-,19 hours ago,9398917 / 247282900,IBJD,Italy,294 / 32 m
NAVIOS AZIMUTH,,,72.1° / 9.0 kn,18.3 m,-,6 days ago,9589839 / 354368000,3FUN5,Panama,292 / 45 m
NAVIOS ETOILE,,,,18.3 m,-,14 days ago,9481312 / 372160000,3FKN3,Panama,292 / 45 m
NAVIOS BUENA VENTURA,,,,17.8 m,-,2 days ago,9481233 / 353933000,3EVX8,Panama,292 / 45 m
NAVIOS LUZ,,,,17.7 m,-,17 hours ago,9481295 / 370604000,3FJV2,Panama,292 / 45 m
NAVIOS BONHEUR,,,,16.6 m,-,33 hours ago,9481348 / 352425000,3FJJ7,Panama,292 / 45 m
CAPE SAKURA,,,,18.2 m,-,5 days ago,9573763 / 432786000,7JHZ,Japan,292 / 45 m
THALASSINI NJORD,,,,18.2 m,-,16 days ago,9757838 / 636017522,D5LJ2,Liberia,292 / 45 m
NAVIOS ALTAMIRA,,,,15.1 m,-,13 days ago,9589827 / 370380000,3FRN4,Panama,292 / 45 m
NAVIOS FULVIA,,,,8.3 m,-,8 days ago,9500986 / 351546000,H3FN,Panama,292 / 45 m
MSC POESIA,-,-,,7.9 m,-,36 hours ago,9387073 / 355931000,3EPL4,Panama,294 / 32 m
NSU LODESTAR,-,-,353.5° / 11.8 kn,16.1 m,-,35 days ago,9465227 / 432905000,7JNM,Japan,292 / 45 m
CENTAURUS DREAM,-,-,,11.8 m,-,16 days ago,9551715 / 432950000,7JPG,Japan,292 / 45 m
LAMBERT MARU,-,-,,9.0 m,-,46 hours ago,9558206 / 432870000,7JMK,Japan,292 / 45 m
CAPE PEREGRINE,,,,10.4 m,Under way,31 min ago,9500754 / 636020317,D5YR3,Liberia,292 / 45 m
THALASSINI AVRA,-,-,,10.0 m,At anchor,2 hours ago,9500704 / 229053000,9HA5453,Malta,291 / 45 m
ALPHA FREEDOM,-,-,,8.6 m,-,7 days ago,9722364 / 241386000,SVCF7,Greece,292 / 45 m
ALPHA HONESTY,,,,17.9 m,-,4 days ago,9722376 / 256556000,9HA3949,Malta,292 / 45 m
ALPHA OPTIMISM,,,,17.9 m,-,7 days ago,9722388 / 256557000,9HA3950,Malta,292 / 45 m
BERGE NYANGANI,,,,9.1 m,-,8 days ago,9558294 / 232018697,MEBX8,United Kingdom (UK),292 / 45 m
MSC ORCHESTRA,-,-,,-,Under way,0 min ago,9320099 / 372497000,3EJF3,Panama,294 / 32 m
MSC MUSICA,,,312.9° / 17.7 kn,7.8 m,-,4 days ago,9320087 / 352003000,3EFK6,Panama,294 / 32 m
FLAGSHIP,-,-,,9.9 m,-,14 days ago,9514224 / 538009408,V7A4696,Marshall Islands,292 / 45 m
FRONTIER ZONE,-,-,,18.1 m,-,7 days ago,9551741 / 538005343,V7CX4,Marshall Islands,292 / 45 m
CAPE CRANE,-,-,,7.5 m,-,9 days ago,9558177 / 636019567,D5VC3,Liberia,292 / 45 m
ASL OTSL 2,,,,8.8 m,-,4 days ago,9500766 / 636020508,D5ZN3,Liberia,292 / 45 m
MIRACLE,,,,17.7 m,-,39 hours ago,9500742 / 636023691,5LOY3,Liberia,292 / 45 m
NAVIOS CANARY,,,,18.1 m,-,3 days ago,9583005 / 373716000,3EBN6,Panama,292 / 45 m
PAN DREAM,-,-,,11.6 m,-,15 days ago,9539195 / 354534000,3FSM4,Panama,292 / 45 m
PAN GOLD,,,,17.8 m,-,22 hours ago,9468712 / 356723000,3FQI,Panama,291 / 45 m
PELOPIDAS,,,,18.5 m,-,4 days ago,9501071 / 538004475,V7XG6,Marshall Islands,292 / 45 m
PAN EMERALD,-,-,155.8° / 11.5 kn,8.4 m,-,29 days ago,9468358 / 373117000,3FGP4,Panama,292 / 45 m
PAN FREEDOM,-,-,,19.0 m,-,90 days ago,9468360 / 373137000,3EWI6,Panama,291 / 45 m
PAN IRIS,-,-,,17.7 m,-,10 days ago,9468736 / 373143000,3EWB4,Panama,292 / 45 m
PAN BONA,,,9.8° / 12.6 kn,17.9 m,-,10 days ago,9510527 / 355120000,3FFB8,Panama,292 / 45 m
,,,,,,,,,,
PACIFIC SOUTH,-,-,,18.1 m,Moored,1 min ago,9474967 / 538008228,V7A2109,Marshall Islands,292 / 45 m
MAERSK STEPNICA,,,,15.2 m,Under way,8 hours ago,9352004 / 477891700,VRVM4,Hong Kong,334 / 43 m
MAERSK SALINA,-,-,,10.3 m,-,5 days ago,9352030 / 477770300,VRGW2,Hong Kong,334 / 43 m
MAERSK STOCKHOLM,,,,12.7 m,-,9 days ago,9352042 / 477770200,VRGW3,Hong Kong,334 / 43 m
MAERSK SAVANNAH,-,-,,9.8 m,-,21 hours ago,9352028 / 477893200,VRVN9,Hong Kong,334 / 43 m